year,country,region,happiness_rank,happiness_score,standard_error_of_happiness_score,lower_confidence_interval,upper_confidence_interval,dystopia_residual,explained_by_freedom_to_make_life_choices,explained_by_gdp_per_capita,explained_by_generosity,explained_by_healthy_life_expectancy,explained_by_perceptions_of_corruption,explained_by_social_support,freedom_to_make_life_choices,generosity,healthy_life_expectancy,perceptions_of_corruption,social_support,logged_gdp_per_capita,ladder_score_in_dystopia,id
2020,Finland,West Europe,1,7.808700085,0.031156305,7.7476339340000004,7.869766235,2.762835026,0.66231674,1.285189509,0.159670442,0.961271405,0.477857262,1.499525905,0.949172199,-0.059482019,71.9008255,0.195444584,0.954329729,10.63926697,1.972316742,246
2020,Denmark,West Europe,2,7.645599842,0.033492286,7.579955101,7.711244583,2.432740688,0.665039897,1.326948524,0.242793396,0.979332566,0.495260328,1.503449202,0.951444268,0.066201776,72.40250397,0.168489456,0.955990791,10.77400112,1.972316742,208
2020,Switzerland,West Europe,3,7.559899807,0.035014171,7.491271973,7.628527641,2.35026741,0.62895447,1.39077425,0.269055754,1.040533185,0.407945901,1.472403407,0.921336651,0.105911039,74.10244751,0.303728431,0.942846596,10.97993279,1.972316742,756
2020,Iceland,West Europe,4,7.504499912,0.059615862,7.387652874,7.621346951,2.460688114,0.661980748,1.326501608,0.362330228,1.000843406,0.144540772,1.547567487,0.948891878,0.246944219,73,0.711709738,0.974669576,10.77255917,1.972316742,352
2020,Norway,West Europe,5,7.487999916,0.034837384,7.419718742,7.55628109,2.168266296,0.670200884,1.42420733,0.287985086,1.008071899,0.434100568,1.495172501,0.955750287,0.13453263,73.20078278,0.263218194,0.952486575,11.08780384,1.972316742,578
2020,Netherlands,West Europe,6,7.448900223,0.02779175,7.394428253,7.503372192,2.352117062,0.61362648,1.338946342,0.336317569,0.975675344,0.368569762,1.463645935,0.908547819,0.20761244,72.30091858,0.364717126,0.93913883,10.81271172,1.972316742,528
2020,Sweden,West Europe,7,7.353499889,0.036234196,7.282480717,7.424519062,2.246299267,0.650297701,1.322235227,0.272827893,0.986470461,0.442066371,1.433347702,0.939144194,0.111614622,72.60076904,0.250880182,0.926311195,10.75879383,1.972316742,752
2020,New Zealand,Australia and New Zealand,8,7.299600124,0.039465468,7.222247601,7.376952648,2.128108025,0.646789908,1.242317915,0.325726211,1.008138299,0.461268276,1.48721838,0.936217487,0.191598073,73.20262909,0.22113885,0.949118972,10.50094318,1.972316742,554
2020,Austria,West Europe,9,7.294199944,0.033365164,7.228804111,7.359595776,2.398446083,0.603368878,1.317285538,0.255509764,1.000933528,0.281256139,1.437444925,0.899989486,0.085429221,73.00250244,0.499954879,0.928045869,10.7428236,1.972316742,40
2020,Luxembourg,West Europe,10,7.237500191,0.030851794,7.177030563,7.297969818,2.153700352,0.610137045,1.536676049,0.19595392,0.986442685,0.367041469,1.387528419,0.90563643,-0.004620588,72.59999847,0.367084295,0.906912208,11.45068073,1.972316742,442
2020,Canada,North America,11,7.23210001,0.04040546,7.152905464,7.311294556,2.195269108,0.644028127,1.301647663,0.28152892,1.022501945,0.351701856,1.435391903,0.933913231,0.124770768,73.60160065,0.390843362,0.927176654,10.69236851,1.972316742,124
2020,Australia,Australia and New Zealand,12,7.222799778,0.041841116,7.140791416,7.30480814,2.129804134,0.621877193,1.310396433,0.324973613,1.022607684,0.335996419,1.477146268,0.915431738,0.19046016,73.60453796,0.41516912,0.944854617,10.72059631,1.972316742,36
2020,United Kingdom,West Europe,13,7.164500237,0.037161909,7.091662884,7.237337589,2.236721992,0.525168657,1.273061037,0.373433441,0.97570008,0.322601646,1.457844973,0.834743679,0.263732493,72.30160522,0.435915917,0.93668282,10.60013485,1.972316742,826
2020,Israel,Middle East and North Africa,14,7.128600121,0.042515181,7.045270443,7.211929798,2.713358402,0.420699477,1.216463685,0.266861796,1.008052945,0.09989845,1.403256774,0.747580588,0.10259372,73.20025635,0.78085506,0.913571239,10.41752529,1.972316742,376
2020,Costa Rica,Latin America and Caribbean,15,7.121399879,0.044816118,7.033560276,7.209239483,2.953135014,0.645017743,0.981107712,0.131266311,0.939635336,0.096362092,1.374853611,0.934738934,-0.10242971,71.29985046,0.786332428,0.901545942,9.658156395,1.972316742,188
2020,Ireland,West Europe,16,7.093699932,0.039863452,7.01556778,7.171832085,1.943878174,0.587779939,1.446886778,0.295426995,0.975670695,0.373433262,1.470596433,0.886982977,0.145784974,72.30078888,0.357184172,0.942081571,11.16097832,1.972316742,372
2020,Germany,West Europe,17,7.075799942,0.035609804,7.00600481,7.145595074,2.295249462,0.564274132,1.314184546,0.252037704,0.972114801,0.309362292,1.368543744,0.867371082,0.080179386,72.20201874,0.456422031,0.898874462,10.7328186,1.972316742,276
2020,United States,North America,18,6.939599991,0.047316168,6.846860409,7.032339573,2.344124794,0.534608245,1.37398684,0.298143059,0.831618011,0.152284741,1.404786706,0.842619538,0.149891734,68.29949951,0.699715316,0.914219022,10.92576885,1.972316742,840
2020,Czech Republic,Central and East Europe,19,6.910900116,0.042891297,6.826833248,6.994966984,2.796808243,0.505744576,1.212322354,0.046325929,0.89456445,0.049803223,1.40528667,0.818537354,-0.230861515,70.04793549,0.85844624,0.914430678,10.40416336,1.972316742,203
2020,Belgium,West Europe,20,6.863500118,0.034370355,6.796133995,6.930866241,2.348626614,0.499805421,1.295842767,0.146966159,0.964901149,0.208724052,1.398677588,0.813582063,-0.078691199,72.00164795,0.612297952,0.911632538,10.6736393,1.972316742,56
2020,United Arab Emirates,Middle East and North Africa,21,6.790800095,0.040698379,6.711031437,6.870568752,2.166965961,0.652936101,1.431086421,0.28065598,0.787814438,0.220213518,1.251170993,0.941345513,0.123450845,67.08278656,0.594502211,0.849181116,11.1099987,1.972316742,784
2020,Malta,West Europe,22,6.772799969,0.042958103,6.688601971,6.856997967,1.952012062,0.633239031,1.252513289,0.341180831,0.972042024,0.178864077,1.442956924,0.924911439,0.214965805,72.19999695,0.658547282,0.93037951,10.53383827,1.972316742,470
2020,France,West Europe,23,6.663799763,0.037576791,6.590149403,6.737450123,2.053198338,0.514050901,1.268129349,0.112607703,1.029714227,0.227303237,1.458839178,0.825467646,-0.130641967,73.80193329,0.583521128,0.937103748,10.58422279,1.972316742,250
2020,Mexico,Latin America and Caribbean,24,6.465000153,0.048122469,6.370680332,6.559319973,2.662540197,0.553892553,1.024387479,0.083094485,0.831601024,0.083133668,1.226333499,0.858709276,-0.175266623,68.29902649,0.806821585,0.838665426,9.797797203,1.972316742,484
2020,Taiwan,East Asia,25,6.45539999,0.039139576,6.378686428,6.532113552,2.160238743,0.449404389,1.327470541,0.150598705,0.878437996,0.131516352,1.357760668,0.77153033,-0.073198698,69.59999847,0.73188293,0.894309103,10.77568531,1.972316742,158
2020,Uruguay,Latin America and Caribbean,26,6.440100193,0.045419082,6.351078987,6.529121399,2.167276382,0.59426707,1.071000457,0.132143691,0.856928885,0.193425074,1.425081134,0.892395437,-0.101103112,69.00254822,0.635994136,0.92281127,9.948192596,1.972316742,858
2020,Saudi Arabia,Middle East and North Africa,27,6.406499863,0.056533612,6.295693874,6.517305851,2.203118801,0.548477471,1.334328532,0.087440684,0.759818137,0.163322315,1.309950113,0.854191244,-0.168695062,66.30514526,0.682619512,0.874067068,10.79781246,1.972316742,682
2020,Spain,West Europe,28,6.400899887,0.04230037,6.317991257,6.483808517,1.997088432,0.425983816,1.230535269,0.16530548,1.051343083,0.109579779,1.421099186,0.751989543,-0.050961714,74.40270996,0.765859902,0.921125412,10.46292686,1.972316742,724
2020,Guatemala,Latin America and Caribbean,29,6.398900032,0.058398303,6.284439564,6.5133605,2.882723093,0.613146722,0.753815711,0.170611665,0.705952585,0.0983603,1.174267054,0.908147573,-0.042938665,64.8089447,0.783237457,0.816621482,8.924805641,1.972316742,320
2020,Italy,West Europe,30,6.38740015,0.043288074,6.302555561,6.47224474,2.249505997,0.321305573,1.236396074,0.170266211,1.022504926,0.040145598,1.347296,0.66465199,-0.043460999,73.60168457,0.873404682,0.889878571,10.48183632,1.972316742,380
2020,Singapore,Southeast Asia,31,6.377099991,0.033258967,6.311912537,6.442287445,0.937031746,0.635317206,1.519580126,0.218770906,1.137814283,0.533162236,1.39545691,0.926645339,0.029879224,76.80458069,0.109784193,0.910268962,11.39552116,1.972316742,702
2020,Brazil,Latin America and Caribbean,32,6.375599861,0.040790688,6.295650005,6.455549717,2.571860313,0.483292729,0.952679873,0.131674588,0.766119063,0.106518604,1.363464117,0.799804807,-0.101812392,66.48016357,0.770601273,0.896723807,9.56643486,1.972316742,76
2020,Slovenia,Central and East Europe,33,6.363399982,0.043841314,6.277471066,6.449328899,1.888586521,0.646700144,1.208652496,0.145701498,0.932548046,0.076516323,1.464677691,0.936142623,-0.080603383,71.1029892,0.817071021,0.939575672,10.39232254,1.972316742,705
2020,El Salvador,Latin America and Caribbean,34,6.34829998,0.058248438,6.234133244,6.462466717,2.937191725,0.524043918,0.748940408,0.1189363,0.752730012,0.117030352,1.149397612,0.833805263,-0.121072978,66.10826111,0.754319906,0.806092262,8.909075737,1.972316742,222
2020,Kosovo,Central and East Europe,35,6.325200081,0.052216277,6.222856045,6.427544117,2.736902714,0.557280421,0.840481341,0.325286865,0.672709167,0.008559024,1.183962822,0.861535907,0.190933764,63.88555527,0.922328293,0.820726514,9.204429626,1.972316742,NA
2020,Panama,Latin America and Caribbean,36,6.304800034,0.059724931,6.187739372,6.421860695,2.221176147,0.57984978,1.097667813,0.097207308,0.878546536,0.054230526,1.376149297,0.880366504,-0.153927714,69.60301208,0.851588905,0.902094483,10.03423405,1.972316742,591
2020,Slovakia,Central and East Europe,37,6.280600071,0.03889757,6.204360962,6.35683918,2.256422043,0.423542529,1.194837689,0.116729774,0.853465259,0.011291441,1.424331188,0.749952674,-0.124409303,68.90634155,0.918096125,0.922493756,10.34774971,1.972316742,703
2020,Uzbekistan,Central and East Europe,38,6.257599831,0.05422755,6.151313782,6.36388588,2.073346615,0.693270326,0.696652949,0.363311023,0.716703713,0.280260265,1.434020042,0.974998116,0.248427153,65.10757446,0.501497388,0.926595807,8.740371704,1.972316742,860
2020,Chile,Latin America and Caribbean,39,6.228499889,0.045723889,6.138881207,6.318118572,2.283012867,0.417482227,1.096992493,0.155579001,0.889260828,0.06284935,1.323286891,0.744896293,-0.065668367,69.90061951,0.838239431,0.879713595,10.0320549,1.972316742,152
2020,Bahrain,Middle East and North Africa,40,6.227300167,0.081882261,6.066811085,6.387789249,1.751917362,0.610399902,1.296692252,0.287453711,0.838836372,0.126697257,1.31532371,0.905855775,0.13372919,68.5,0.7393471,0.876342118,10.67638016,1.972316742,48
2020,Lithuania,Central and East Europe,41,6.215499878,0.044193108,6.128881454,6.302118301,2.238146067,0.42046079,1.193559647,0.053691041,0.795421183,0.081350274,1.432865739,0.747381449,-0.219725296,67.29407501,0.809583843,0.926107109,10.34362602,1.972316742,440
2020,Trinidad and Tobago,Latin America and Caribbean,42,6.191899776,0.114448458,5.967580795,6.416218758,2.190695763,0.55293113,1.167641521,0.199358255,0.658828557,0.015078396,1.407326221,0.857907116,5.26841e-4,63.5,0.912230611,0.91529417,10.26000214,1.972316742,780
2020,Poland,Central and East Europe,43,6.186299801,0.035500165,6.116719246,6.255880356,2.056797981,0.557903528,1.16922915,0.063374244,0.868038476,0.160541251,1.310399771,0.862055779,-0.205084071,69.31113434,0.686927021,0.874257445,10.26512432,1.972316742,616
2020,Colombia,Latin America and Caribbean,44,6.163400173,0.056480873,6.052697659,6.274102688,2.421656609,0.526890039,0.93220371,0.092374094,0.810020149,0.04584837,1.33445096,0.836179912,-0.161235645,67.69958496,0.86457181,0.884440243,9.500369072,1.972316742,170
2020,Cyprus,West Europe,45,6.15899992,0.050605938,6.059812069,6.258187771,2.032334805,0.459385872,1.21279943,0.227932334,1.026124597,0.051207144,1.149170756,0.779858291,0.043731496,73.70222473,0.856271744,0.805996239,10.40570259,1.972316742,196
2020,Nicaragua,Latin America and Caribbean,46,6.13710022,0.063886963,6.011881828,6.262318611,2.496081114,0.560117304,0.620033145,0.212871477,0.803093255,0.174084574,1.27081275,0.863902867,0.020959141,67.50717926,0.665950119,0.857497036,8.493160248,1.972316742,558
2020,Romania,Central and East Europe,47,6.123700142,0.047432564,6.030732155,6.216668129,2.412749767,0.534852326,1.120401621,0.068181619,0.79229486,8.29569e-4,1.1944381,0.842823207,-0.19781521,67.20723724,0.934300244,0.825161517,10.107584,1.972316742,642
2020,Kuwait,Middle East and North Africa,48,6.102099895,0.053297732,5.997636318,6.206563473,1.840167999,0.570261419,1.424833655,0.132751092,0.776468933,0.112814933,1.244779825,0.872366488,-0.100184701,66.76764679,0.760849059,0.846475244,11.08982468,1.972316742,414
2020,Mauritius,Sub-Saharan Africa,49,6.101299763,0.057226494,5.989135742,6.213463783,2.006720543,0.590838134,1.07366395,0.186894551,0.763389409,0.084088229,1.395666838,0.889534533,-0.018318573,66.40434265,0.805343091,0.910357833,9.956786156,1.972316742,480
2020,Kazakhstan,Central and East Europe,50,6.057899952,0.043229785,5.973169804,6.1426301,2.021602631,0.497432142,1.122594237,0.153713793,0.698788941,0.110463686,1.453267694,0.811601937,-0.068488635,64.60996246,0.764490843,0.934744895,10.11465836,1.972316742,398
2020,Estonia,Central and East Europe,51,6.021800041,0.035985194,5.95126915,6.092330933,1.629928112,0.576664805,1.192441225,0.125136748,0.842615008,0.201766819,1.453232527,0.87770915,-0.111697771,68.60495758,0.623073816,0.934729993,10.34001732,1.972316742,233
2020,Philippines,Southeast Asia,52,6.006000042,0.049858402,5.908277512,6.103722572,2.501741886,0.621915162,0.775120676,0.129260212,0.602189481,0.130385727,1.245381713,0.915463448,-0.105463006,61.92676163,0.733634114,0.846730053,8.993545532,1.972316742,608
2020,Hungary,Central and East Europe,53,6.000400066,0.039473221,5.923032761,6.077767372,2.121845722,0.386401802,1.164307117,0.070491239,0.806793869,0.027548173,1.423009396,0.718964577,-0.194323018,67.60997009,0.892916501,0.921934128,10.24924374,1.972316742,348
2020,Thailand,Southeast Asia,54,5.998799801,0.042596295,5.91531086,6.082288742,1.832384109,0.609449804,1.007029295,0.376709014,0.793855846,0.031837862,1.347519517,0.905063033,0.268685192,67.25059509,0.886272311,0.889973223,9.741791725,1.972316742,764
2020,Argentina,Latin America and Caribbean,55,5.974699974,0.053441759,5.869954109,6.079445839,2.072540998,0.520840347,1.028465629,0.070100471,0.849773705,0.060415059,1.372543693,0.831132412,-0.194913864,68.80380249,0.842009842,0.900567949,9.810955048,1.972316742,32
2020,Honduras,Latin America and Caribbean,56,5.953199863,0.065731592,5.824366093,6.082033634,2.464295387,0.568148077,0.598763585,0.256528199,0.791989982,0.086807102,1.186664104,0.870603263,0.086969115,67.19876862,0.801131904,0.821870148,8.424534798,1.972316742,340
2020,Latvia,Central and East Europe,57,5.949999809,0.034838136,5.881717205,6.018282413,2.121283054,0.329198807,1.14139545,0.075407945,0.777902424,0.090391524,1.414398789,0.671237648,-0.186888844,66.8074646,0.795580089,0.918288589,10.17531967,1.972316742,428
2020,Ecuador,Latin America and Caribbean,58,5.925199986,0.052880634,5.821553707,6.028846264,2.254933834,0.555234551,0.853383601,0.115006477,0.838837743,0.086753383,1.221027613,0.859828949,-0.127014965,68.50003815,0.801215112,0.836418986,9.246058464,1.972316742,218
2020,Portugal,West Europe,59,5.910900116,0.053158198,5.806710243,6.015089989,1.752558708,0.589895189,1.168800831,0.053036947,0.979315281,0.027733466,1.339530349,0.888747811,-0.220714301,72.40202332,0.892629504,0.886590719,10.26374245,1.972316742,620
2020,Jamaica,Latin America and Caribbean,60,5.889800072,0.120590433,5.65344286,6.126157284,2.214436531,0.553124607,0.779058397,0.116268493,0.788434088,0.030147785,1.408289194,0.858068526,-0.125106767,67.09999847,0.888890028,0.915701866,9.006250381,1.972316742,388
2020,South Korea,East Asia,61,5.872399807,0.044085015,5.785993099,5.958806515,1.946757078,0.25935635,1.245300651,0.170303866,1.022542596,0.094596282,1.133560538,0.612965107,-0.043404032,73.6027298,0.789067447,0.799387157,10.51056671,1.972316742,410
2020,Japan,East Asia,62,5.870800018,0.041391667,5.789672375,5.951927662,1.486200333,0.495465875,1.26672411,0.03571178,1.072881341,0.181439638,1.332338691,0.809961379,-0.246910349,75.00096893,0.654558063,0.883545935,10.57968903,1.972316742,392
2020,Peru,Latin America and Caribbean,63,5.796800137,0.061311204,5.67663002,5.916970253,2.213499546,0.513210058,0.91854918,0.091611817,0.824444175,0.02703266,1.208405972,0.824766099,-0.16238822,68.10023499,0.893714964,0.831075251,9.456313133,1.972316742,604
2020,Serbia,Central and East Europe,64,5.77820015,0.050712325,5.678803921,5.877596378,2.029040098,0.395428419,0.988181829,0.15028289,0.828403294,0.059447147,1.327448964,0.726495862,-0.073676221,68.21020508,0.843509018,0.881475747,9.680980682,1.972316742,688
2020,Bolivia,Latin America and Caribbean,65,5.747499943,0.050645422,5.648234844,5.846765041,2.425928593,0.5744645,0.730976343,0.138375074,0.662445664,0.072942637,1.142350554,0.875873327,-0.09168113,63.6004715,0.822606206,0.803108692,8.851115227,1.972316742,68
2020,Pakistan,South Asia,66,5.69329977,0.048216224,5.598795891,5.78780365,2.976876736,0.405421734,0.616799474,0.228705063,0.469933242,0.122592121,0.872979581,0.734833717,0.04489987,58.25313568,0.745705426,0.689062297,8.482727051,1.972316742,586
2020,Paraguay,Latin America and Caribbean,67,5.692100048,0.051957864,5.590262413,5.793937683,1.83412528,0.586510062,0.897990823,0.204299241,0.735869646,0.065077379,1.36819756,0.885923445,0.007997713,65.63993835,0.834788501,0.898727894,9.389982224,1.972316742,600
2020,Dominican Republic,Latin America and Caribbean,68,5.689199924,0.069831297,5.552330494,5.826069355,1.844246864,0.5628739,0.983191848,0.112196781,0.741901696,0.115945682,1.328888893,0.866202772,-0.131263286,65.80748749,0.755999923,0.882085383,9.664880753,1.972316742,214
2020,Bosnia and Herzegovina,Central and East Europe,69,5.674099922,0.046385963,5.583183289,5.765016556,2.16724205,0.305365741,0.91839546,0.26400524399999997,0.813928187,0.001172487,1.203986526,0.651352704,0.098274559,67.80813599,0.933769107,0.829204142,9.455817223,1.972316742,70
2020,Moldova,Central and East Europe,70,5.607500076,0.042275578,5.524640083,5.690360069,2.370968342,0.389571488,0.707916796,0.174049184,0.713299453,0.014378744,1.237312198,0.721609175,-0.037741039,65.01301575,0.913314283,0.843313575,8.776714325,1.972316742,498
2020,Tajikistan,Central and East Europe,71,5.555699825,0.032321576,5.492349625,5.619050026,2.25650835,0.521141171,0.474874616,0.182417125,0.680594802,0.221779913,1.218377709,0.831383407,-0.025088511,64.10459137,0.592076063,0.835297108,8.024810791,1.972316742,762
2020,Montenegro,Central and East Europe,72,5.54610014,0.04898582,5.450088024,5.642112255,1.880565882,0.303223848,1.010150075,0.14901033,0.839028895,0.098435111,1.265657902,0.649565637,-0.075600356,68.50534821,0.783121586,0.855314612,9.751860619,1.972316742,499
2020,Russia,Central and East Europe,73,5.546000004,0.039609671,5.468365192,5.623634815,1.815716743,0.399499595,1.126999617,0.099041916,0.68044591,0.045699362,1.378644109,0.729892612,-0.151153743,64.10045624,0.864802599,0.903150737,10.12887192,1.972316742,643
2020,Kyrgyzstan,Central and East Europe,74,5.541500092,0.043677468,5.455892086,5.627108097,2.060206652,0.614617765,0.513180971,0.30137074,0.680645883,0.030466691,1.341036677,0.909374893,0.154772058,64.10601044,0.888396084,0.887228489,8.148405075,1.972316742,NA
2020,Belarus,Central and East Europe,75,5.539899826,0.037060037,5.467262268,5.612537384,1.8069911,0.290755868,1.018854499,0.08993306,0.75258857,0.193607435,1.38713932,0.639163077,-0.164926544,66.10433197,0.63571167,0.90674746,9.779945374,1.972316742,112
2020,North Cyprus,West Europe,76,5.53550005,0.051037241,5.435467243,5.635532856,1.23668766,0.477885723,1.21279943,0.199160054,1.026124597,0.199802905,1.183089137,0.79529351,2.27159e-4,73.70222473,0.62611568,0.820356607,10.40570259,1.972316742,NA
2020,Greece,West Europe,77,5.514999866,0.046931833,5.423013687,5.606986046,2.016179085,0.173516348,1.128070116,0,0.979431748,0.048844352,1.168973565,0.541345119,-0.300907373,72.40525818,0.859931409,0.814380348,10.13232613,1.972316742,300
2020,Hong Kong,East Asia,78,5.510399818,0.046019029,5.420202732,5.600596905,0.673293114,0.459356517,1.376746058,0.288280904,1.136630654,0.332485437,1.243584275,0.779833794,0.134979904,76.77170563,0.420607209,0.845969081,10.9346714,1.972316742,344
2020,Croatia,Central and East Europe,79,5.504700184,0.037783645,5.430644035,5.578756332,1.676029205,0.381456882,1.109024286,0.113998979,0.900575578,0.012325006,1.311264873,0.714838803,-0.128538325,70.21490479,0.916495264,0.874623716,10.07087517,1.972316742,191
2020,Libya,Middle East and North Africa,80,5.488800049,0.060677204,5.36987257,5.607727528,1.888563156,0.451354057,1.021913767,0.142757699,0.615626633,0.172258079,1.196283698,0.773157001,-0.085054487,62.29999924,0.668779135,0.825942934,9.789815903,1.972316742,434
2020,Mongolia,East Asia,81,5.456200123,0.040313236,5.377186298,5.535213947,1.810527563,0.355703115,0.904872775,0.263885736,0.615788162,0.046533126,1.458930612,0.693351328,0.098093867,62.30448532,0.863511205,0.937142491,9.412186623,1.972316742,496
2020,Malaysia,Southeast Asia,82,5.384300232,0.048802696,5.288647175,5.479953289,1.319420815,0.596941531,1.168421626,0.274886161,0.788511872,0.062163133,1.17400229,0.894626856,0.114726797,67.10215759,0.839302301,0.816509426,10.26251888,1.972316742,458
2020,Vietnam,Southeast Asia,83,5.353499889,0.033800762,5.287250519,5.41974926,1.685977936,0.650835574,0.718092382,0.136488721,0.819133997,0.089848459,1.253074765,0.939592957,-0.094533332,67.9527359,0.79642123,0.849987149,8.809545517,1.972316742,704
2020,Indonesia,Southeast Asia,84,5.285600185,0.047692381,5.192122936,5.379077435,1.479573488,0.568161428,0.891720712,0.542646527,0.610437036,0.038278613,1.154800892,0.870614409,0.519586504,62.15584946,0.876296401,0.808379889,9.36975193,1.972316742,360
2020,Ivory Coast,Sub-Saharan Africa,85,5.233300209,0.073095515,5.090033054,5.376567364,3.081022501,0.397122532,0.537094414,0.169915587,0.154942513,0.093495794,0.799727261,0.727909327,-0.043991156,49.50377274,0.790771961,0.658048689,8.225561142,1.972316742,384
2020,Benin,Sub-Saharan Africa,86,5.21600008,0.077759244,5.063591957,5.368408203,3.440809727,0.40583989,0.366244704,0.196670428,0.328062952,0.125931874,0.352428436,0.735182583,-0.003537213,54.31246567,0.740532577,0.468671143,7.674319744,1.972316742,204
2020,Maldives,South Asia,87,5.197599888,0.071985401,5.056508541,5.338691235,1.098674774,0.548203647,0.937864304,0.224198252,0.914439559,0.071906492,1.402287602,0.853962779,0.038085498,70.59999847,0.824211061,0.91316092,9.518632889,1.972316742,462
2020,Congo,Sub-Saharan Africa,88,5.194399834,0.077028967,5.043423176,5.345376492,2.722619534,0.386514395,0.633616745,0.117216013,0.458101124,0.118670784,0.757636011,0.719058514,-0.123674095,57.92448044,0.751779079,0.640228093,8.536987305,1.972316742,178
2020,Congo,Sub-Saharan Africa,88,5.194399834,0.077028967,5.043423176,5.345376492,2.722619534,0.386514395,0.633616745,0.117216013,0.458101124,0.118670784,0.757636011,0.719058514,-0.123674095,57.92448044,0.751779079,0.640228093,8.536987305,1.972316742,180
2020,Azerbaijan,Central and East Europe,89,5.164800167,0.034197241,5.097773552,5.231826782,1.507632971,0.467734724,0.990272701,0.040113214,0.731134057,0.247307181,1.180613041,0.786824107,-0.240255281,65.50839996,0.55253756,0.819308281,9.687726974,1.972316742,31
2020,Macedonia,Central and East Europe,90,5.159800053,0.046761535,5.068147659,5.251452446,1.6175949570000001,0.410224587,0.935371995,0.18586354,0.802994132,0.024595059,1.183173537,0.738840938,-0.019877451,67.50442505,0.897490501,0.820392311,9.5105915069999991,1.972316742,807
2020,Ghana,Sub-Saharan Africa,91,5.147999763,0.058634609,5.033075809,5.262923717,2.378437281,0.477290064,0.575862467,0.261291206,0.432162255,0.056570381,0.96636796,0.794796526,0.094170853,57.20398712,0.847964764,0.728601098,8.350645065,1.972316742,288
2020,Nepal,South Asia,92,5.137199879,0.057692084,5.024123192,5.250276566,2.014386892,0.480608255,0.444050372,0.300971806,0.66887939,0.127502963,1.100789309,0.797565043,0.154168829,63.77917862,0.738099158,0.785512447,7.925357342,1.972316742,524
2020,Turkey,Middle East and North Africa,93,5.131800175,0.039838459,5.05371666,5.20988369,1.564816713,0.25440076,1.127169251,0.085885569,0.781335294,0.120983243,1.197159171,0.608830452,-0.171046436,66.90281677,0.748197377,0.826313555,10.12941933,1.972316742,792
2020,China,East Asia,94,5.123899937,0.025901664,5.073132515,5.174667358,1.336181879,0.601605117,0.990533412,0.079021044,0.867248535,0.117255554,1.132080674,0.898517907,-0.18142575,69.2891922,0.7539711,0.798760593,9.688568115,1.972316742,156
2020,Turkmenistan,Central and East Europe,95,5.119100094,0.029379817,5.061515808,5.17668438,1.115337372,0.515236676,1.008963585,0.323129326,0.612448037,0.03350389,1.510476947,0.826457024,0.187671542,62.21170807,0.883691847,0.958966196,9.74803257,1.972316742,795
2020,Bulgaria,Central and East Europe,96,5.101500034,0.04422117,5.014826775,5.188173294,1.294961452,0.417820066,1.046554685,0.103833713,0.777776897,0,1.460578918,0.745178163,-0.143908441,66.80397797,0.935585141,0.937840343,9.869318962,1.972316742,100
2020,Morocco,Middle East and North Africa,97,5.094799995,0.05565045,4.985724926,5.203875065,2.378402472,0.450054139,0.75862211,0.040032551,0.745096922,0.077385604,0.645208478,0.772072434,-0.240377247,65.89624023,0.815724611,0.592628479,8.940313339,1.972316742,504
2020,Cameroon,Sub-Saharan Africa,98,5.084899902,0.067296073,4.952999592,5.216800213,2.719370842,0.439242482,0.503958046,0.198020101,0.270189553,0.054393422,0.89972645,0.763051808,-0.00149645,52.7049408,0.85133659800000006,0.700386405,8.118647575,1.972316742,120
2020,Venezuela,Latin America and Caribbean,99,5.053199768,0.06428051,4.927209854,5.179189682,1.74484086,0.271717221,0.770238638,0.087179154,0.76702553,0.063624777,1.348546863,0.62327832,-0.169090509,66.50534058,0.837038398,0.890408158,8.977793694,1.972316742,862
2020,Algeria,Middle East and North Africa,100,5.005099773,0.044236008,4.918397427,5.09180212,1.840811729,0.083943799,0.943856001,0.118915014,0.745418549,0.129190654,1.143003583,0.466610909,-0.121105164,65.90517426,0.735485137,0.803385139,9.537964821,1.972316742,12
2020,Senegal,Sub-Saharan Africa,101,4.980800152,0.05276908,4.877372742,5.084227562,2.405123949,0.352400899,0.504061818,0.164397135,0.518391907,0.081865937,0.95459342,0.690596163,-0.052335154,59.59915161,0.808785141,0.723616004,8.118982315,1.972316742,686
2020,Guinea,Sub-Saharan Africa,102,4.949299812,0.073042229,4.806137085,5.09246254,2.740729809,0.371878058,0.390007734,0.249490842,0.333655238,0.112204559,0.75136596,0.706846774,0.076328471,54.46780014,0.761794448,0.637573481,7.750990391,1.972316742,324
2020,Niger,Sub-Saharan Africa,103,4.909599781,0.077208281,4.758271694,5.060927868,3.017630577,0.435311615,0.108330332,0.208176896,0.298816353,0.137554765,0.703800142,0.759772122,0.013860817,53.50009537,0.722530186,0.617435038,6.842166901,1.972316742,562
2020,Laos,Southeast Asia,104,4.888599873,0.040268615,4.809673309,4.967526436,1.621152639,0.612027287,0.714693844,0.27266711,0.486378282,0.194273964,0.987391889,0.907213569,0.11137148,58.70992279,0.634679317,0.737502217,8.79858017,1.972316742,418
2020,Albania,Central and East Europe,105,4.882699966,0.056115732,4.772713184,4.992686749,1.640897036,0.461945891,0.906653047,0.171027765,0.846329629,0.025361285,0.830483913,0.781994224,-0.042309489,68.70813751,0.896303713,0.671070457,9.417930603,1.972316742,8
2020,Cambodia,Southeast Asia,106,4.848400116,0.058006871,4.734706879,4.962093353,1.663300037,0.674940348,0.544634938,0.233342081,0.587904334,0.072837502,1.071426034,0.959704638,0.051911179,61.52996826,0.822769046,0.773080647,8.249890327,1.972316742,116
2020,Bangladesh,South Asia,107,4.832799911,0.040124193,4.75415659,4.911443233,1.755261898,0.604130566,0.556156278,0.176745117,0.694940507,0.176735908,0.868800581,0.90062499,-0.033664726,64.50306702,0.661843538,0.687292993,8.287063599,1.972316742,50
2020,Gabon,Sub-Saharan Africa,108,4.829299927,0.060268242,4.711174011,4.947425842,1.735027552,0.369459897,0.988044381,0.052013602,0.522574842,0.055804539,1.10639751,0.704829216,-0.222261623,59.71533966,0.849150956,0.787886858,9.680537224,1.972316742,266
2020,South Africa,Sub-Saharan Africa,109,4.814099789,0.060023591,4.696453571,4.931746006,1.625117302,0.43478182,0.902140439,0.126406848,0.407034069,0.05950214,1.259086251,0.759330094,-0.109777324,56.50601196,0.843423843,0.852532268,9.403370857,1.972316742,710
2020,Iraq,Middle East and North Africa,110,4.784800053,0.077791877,4.632328033,4.937272072,1.752173662,0.283588052,0.982018709,0.153002068,0.529350698,0.073164992,1.011466622,0.633182645,-0.06956476,59.90354919,0.82226181,0.747694969,9.661095619,1.972316742,368
2020,Lebanon,Middle East and North Africa,111,4.771500111,0.043753985,4.685742378,4.857257843,1.53554225,0.18551667,0.889232516,0.158524141,0.788671136,0.021518147,1.19249332,0.551357508,-0.06121527,67.10658264,0.90225625,0.824338138,9.3617239,1.972316742,422
2020,Burkina Faso,Sub-Saharan Africa,112,4.768700123,0.062067267,4.647048473,4.890351772,2.588826418,0.322398156,0.302467644,0.186390609,0.312833875,0.126408055,0.9293859,0.665563583,-0.019080516,53.88945389,0.739795029,0.712943614,7.46854496,1.972316742,854
2020,Gambia,Sub-Saharan Africa,113,4.750599861,0.067163654,4.61895895,4.882240772,2.270216465,0.403419524,0.256990552,0.425989687,0.353247881,0.158093795,0.882678688,0.733163178,0.343198717,55.0120163,0.690717816,0.6931687,7.321814537,1.972316742,270
2020,Mali,Sub-Saharan Africa,114,4.729300022,0.064362764,4.603148937,4.855451107,2.559335232,0.377534449,0.352462649,0.16966705,0.234981522,0.062146276,0.97314173,0.71156615,-0.044366926,51.72698212,0.839328408,0.731468976,7.629852295,1.972316742,466
2020,Nigeria,Sub-Saharan Africa,115,4.724100113,0.05211626,4.621952057,4.826248169,2.219635487,0.435079455,0.645901859,0.221328124,0.167835936,0.047589935,0.986717939,0.759578407,0.033745807,49.86190796,0.861874342,0.73721689,8.57662487,1.972316742,566
2020,Armenia,Central and East Europe,116,4.676799774,0.058595356,4.561953068,4.791646481,1.468161583,0.378075808,0.808262408,0.107225738,0.77585727,0.104618184,1.034576893,0.712017834,-0.13877961,66.75065613,0.773544788,0.757479429,9.100476265,1.972316742,51
2020,Georgia,Central and East Europe,117,4.672599792,0.043417413,4.587501526,4.757698059,1.69239831,0.485494107,0.847198069,0.047609735,0.694657624,0.174088076,0.7311939,0.801641524,-0.22892037,64.49520874,0.665944695,0.629033029,9.226100922,1.972316742,268
2020,Iran,Middle East and North Africa,118,4.672399998,0.055878021,4.562879086,4.78192091,1.286969423,0.301195472,1.029322505,0.27697894,0.749053836,0.142651513,0.886271179,0.647873282,0.117891103,66.00614929,0.714635968,0.694689691,9.813719749,1.972316742,364
2020,Jordan,Middle East and North Africa,119,4.633399963,0.058751218,4.518247604,4.748552322,1.262258053,0.424855083,0.785179198,0.091494769,0.777624726,0.151878625,1.140118599,0.75104779,-0.162565202,66.79975128,0.700344324,0.80216372,9.025999069,1.972316742,400
2020,Mozambique,Sub-Saharan Africa,120,4.623600006,0.079284087,4.468203068,4.778996944,2.221216202,0.56077534,0.178741366,0.220422104,0.324223638,0.163064316,0.955202878,0.864451885,0.032375868,54.20582199,0.683019102,0.723874032,7.069345951,1.972316742,508
2020,Kenya,Sub-Saharan Africa,121,4.583000183,0.067804985,4.450102329,4.715898037,1.684904575,0.519180536,0.476413399,0.393902093,0.536312759,0.067201078,0.905077755,0.829747558,0.294681519,60.09693146,0.831499159,0.702652037,8.02977562,1.972316742,404
2020,Namibia,Sub-Saharan Africa,122,4.571100235,0.060983475,4.451572418,4.690628052,1.503033161,0.444598973,0.84008199,0.076454483,0.40687117,0.054320343,1.245738149,0.767520964,-0.18530646,56.50148773,0.851449788,0.846880972,9.203141212,1.972316742,516
2020,Ukraine,Central and East Europe,123,4.56069994,0.049683895,4.463319302,4.658080578,1.252669334,0.319423705,0.780434608,0.178551316,0.698674381,0.00965116,1.321316481,0.663081884,-0.030933706,64.60678101,0.920636714,0.878879368,9.010690689,1.972316742,804
2020,Liberia,Sub-Saharan Africa,124,4.557899952,0.081956357,4.397265434,4.71853447,2.386757851,0.405943096,0.174103007,0.226967871,0.392284274,0.051139876,0.920733929,0.735268712,0.04227322,56.09631348,0.856375933,0.70928055,7.054380417,1.972316742,430
2020,Palestinian Territories,Middle East and North Africa,125,4.552800179,0.055874817,4.443285465,4.662314892,1.693985701,0.29870075,0.587819219,0.091816261,0.613826573,0.071913652,1.194755554,0.645791829,-0.162079096,62.25,0.824199975,0.825295925,8.389223099,1.972316742,275
2020,Uganda,Sub-Saharan Africa,126,4.43200016,0.068495452,4.297749043,4.566251278,1.958671093,0.401682556,0.312337428,0.264807373,0.378311664,0.063818842,1.052327394,0.731713951,0.099487431,55.70820236,0.836737812,0.764994621,7.500389576,1.972316742,800
2020,Chad,Sub-Saharan Africa,127,4.422699928,0.075231321,4.27524662,4.570153236,2.74742651,0.228601769,0.302287489,0.210805088,0.1087441,0.085755408,0.739118278,0.587305248,0.017834719,48.22053909,0.802760839,0.632388055,7.467963696,1.972316742,148
2020,Tunisia,Middle East and North Africa,128,4.392199993,0.049670532,4.294845581,4.489554405,1.528496742,0.235860556,0.874742687,0.055881143,0.781156719,0.043899573,0.872167706,0.593361557,-0.216413811,66.89785767,0.867590249,0.688718557,9.314972878,1.972316742,788
2020,Mauritania,Sub-Saharan Africa,129,4.374599934,0.055093341,4.266616821,4.482583046,1.85955739,0.185714483,0.539684892,0.128899664,0.425184816,0.122257635,1.113323569,0.551522553,-0.106008142,57.01017761,0.746223509,0.790819228,8.233919144,1.972316742,478
2020,Sri Lanka,South Asia,130,4.327000141,0.053085525,4.222952366,4.431047916,0.611288548,0.528632462,0.897986948,0.252666146,0.792036712,0.049444564,1.19494009,0.837633669,0.081129618,67.20006561,0.859001756,0.825374067,9.389969826,1.972316742,144
2020,Congo,Sub-Saharan Africa,131,4.31099987,0.108998232,4.097363472,4.524636269,2.437864304,0.36462298,0.062487468,0.254324883,0.277212054,0.081466645,0.833055019,0.700793564,0.083637655,52.90000153,0.809403598,0.672159016,6.694256306,1.972316742,178
2020,Congo,Sub-Saharan Africa,131,4.31099987,0.108998232,4.097363472,4.524636269,2.437864304,0.36462298,0.062487468,0.254324883,0.277212054,0.081466645,0.833055019,0.700793564,0.083637655,52.90000153,0.809403598,0.672159016,6.694256306,1.972316742,180
2020,"Eswatini, Kingdom of",Sub-Saharan Africa,132,4.308100224,0.07145194,4.168054581,4.448145866,1.686207294,0.299935788,0.827539742,0.067264833,0.215585828,0.146765873,1.064835191,0.646822274,-0.19920142,51.18823624,0.708263338,0.770290196,9.16267395,1.972316742,748
2020,Myanmar,Southeast Asia,133,4.308000088,0.042949215,4.223819733,4.392180443,0.681462526,0.597478867,0.67809093,0.569813728,0.495443076,0.187530354,1.098178267,0.895075202,0.560663998,58.96171188,0.645124316,0.78440702,8.680481911,1.972316742,104
2020,Comoros,Sub-Saharan Africa,134,4.288599968,0.084340192,4.1232934,4.453906536,2.17276907,0.181028232,0.415620774,0.258538276,0.437383324,0.100048535,0.723232806,0.547612607,0.090008408,57.34901047,0.780622602,0.625662446,7.833630085,1.972316742,174
2020,Togo,Sub-Saharan Africa,135,4.187200069,0.062506773,4.064686775,4.309713364,2.409595251,0.303539038,0.268116266,0.200774252,0.342731178,0.114826456,0.547622859,0.649828613,0.002667875,54.71989822,0.757733464,0.551312625,7.357711315,1.972316742,768
2020,Ethiopia,Sub-Saharan Africa,136,4.186200142,0.038915094,4.109926701,4.262473583,1.628459215,0.41256687,0.315125644,0.227698103,0.483846247,0.117437035,1.001103282,0.740795195,0.043377332,58.63959122,0.753690004,0.743307352,7.509385586,1.972316742,231
2020,Madagascar,Sub-Saharan Africa,137,4.165599823,0.057542104,4.052817345,4.278382301,2.136298418,0.192967549,0.244553208,0.191190064,0.500617027,0.076248638,0.823694348,0.557574093,-0.011823639,59.10542679,0.817485631,0.668195903,7.281685829,1.972316742,450
2020,Egypt,Middle East and North Africa,138,4.151400089,0.035979424,4.080880642,4.221919537,1.158818245,0.373684734,0.875228941,0.068801254,0.59691131100000006,0.095461793,0.982539535,0.708354175,-0.196878314,61.78015137,0.787726879,0.735447824,9.316541672,1.972316742,818
2020,Sierra Leone,Sub-Saharan Africa,139,3.926399946,0.061150789,3.806544304,4.046255589,2.046271801,0.382027686,0.240560383,0.257647008,0.203953966,0.047940936,0.747984946,0.715315044,0.088660747,50.86514282,0.861330688,0.636142015,7.26880312,1.972316742,694
2020,Burundi,Sub-Saharan Africa,140,3.775300026,0.107122384,3.565340042,3.98526001,2.401507378,0.275399059,0,0.187401786,0.295212835,0.212186828,0.403575271,0.626350224,-0.017551597,53.40000153,0.606934547,0.490325719,6.492642403,1.972316742,108
2020,Zambia,Sub-Saharan Africa,141,3.759399891,0.06067669,3.640473604,3.878326178,1.134339333,0.49131754,0.536833763,0.250620902,0.36359334,0.086705238,0.896037281,0.806500256,0.078037128,55.29937744,0.801289678,0.698824465,8.224720001,1.972316742,894
2020,Haiti,Latin America and Caribbean,142,3.720799923,0.101463005,3.521932364,3.919667482,1.619916916,0.169297516,0.284734428,0.463909656,0.37436673,0.161935672,0.646671355,0.537825167,0.40053457,55.59862518,0.684767246,0.593247831,7.411329269,1.972316742,332
2020,Lesotho,Sub-Saharan Africa,143,3.652800083,0.082120985,3.491842985,3.813757181,1.445513964,0.409367532,0.45493874,0.102627642,0.100934811,0.050483823,1.088940024,0.738125861,-0.145732045,48.00362396,0.857392073,0.780495703,7.960488319,1.972316742,426
2020,India,South Asia,144,3.573299885,0.027702235,3.519003391,3.627596378,0.734130859,0.581142247,0.730576158,0.237072483,0.54057014,0.105587982,0.644198656,0.881444871,0.057551607,60.21518707,0.772042692,0.592200935,8.849823952,1.972316742,356
2020,Malawi,Sub-Saharan Africa,145,3.538000107,0.070260517,3.400289536,3.675710678,1.552718282,0.487389833,0.176534727,0.213185057,0.446163297,0.131633952,0.53036809,0.803223193,0.021433279,57.59288788,0.731700778,0.544007301,7.062226295,1.972316742,454
2020,Yemen,Middle East and North Africa,146,3.527400017,0.054158084,3.421250105,3.633549929,1.116472721,0.243721485,0.392701775,0.094689012,0.41500017,0.087352127,1.177477121,0.599920273,-0.157735437,56.72728348,0.800287724,0.817980587,7.759682655,1.972316742,887
2020,Botswana,Sub-Saharan Africa,147,3.478899956,0.060542691,3.360236168,3.597563744,0.257240534,0.50908941,0.997548997,0.033407487,0.494101733,0.101786368,1.08569479,0.821328104,-0.250394493,58.92445374,0.777930915,0.779121757,9.711203575,1.972316742,72
2020,Tanzania,Sub-Saharan Africa,148,3.476200104,0.06320975,3.352308989,3.600091219,0.718963385,0.509343088,0.457163125,0.27154091,0.442677855,0.203880861,0.872674644,0.82153976,0.109668687,57.49607468,0.619799435,0.688933194,7.967665195,1.972316742,834
2020,Central African Republic,Sub-Saharan Africa,149,3.475899935,0.115182951,3.250141382,3.701658487,2.860197544,0.292814463,0.041072082,0.253513217,0,0.028264718,0,0.640880644,0.082410358,45.20000076,0.891806662,0.319459856,6.625160217,1.972316742,140
2020,Rwanda,Sub-Saharan Africa,150,3.312299967,0.052425209,3.209546566,3.415053368,0.548444986,0.604087889,0.343242675,0.235704988,0.572383285,0.485542476,0.522876322,0.900589406,0.055483952,61.09884644,0.183541179,0.54083544,7.600104332,1.972316742,646
2020,Zimbabwe,Sub-Saharan Africa,151,3.299200058,0.058674462,3.184198141,3.414201975,0.841031075,0.37740472,0.425564021,0.151349187,0.375037611,0.080928579,1.047835231,0.711457908,-0.072063953,55.61725998,0.81023699,0.763092756,7.865711689,1.972316742,716
2020,South Sudan,Sub-Saharan Africa,152,2.816600084,0.107610404,2.605683804,3.027516365,1.378751278,0.065609254,0.289082974,0.209934607,0.208809033,0.111156799,0.553278506,0.451313615,0.016518548,51,0.763417304,0.553707123,7.425359726,1.972316742,728
2020,Afghanistan,South Asia,153,2.566900015,0.031311426,2.505529642,2.628270388,1.507235646,0,0.30070585,0.135234714,0.266051531,0.001225785,0.356433839,0.396573007,-0.0964294,52.59000015,0.933686554,0.470366955,7.462860584,1.972316742,4
2021,Finland,West Europe,1,7.842,0.032,7.78,7.904,3.253,0.691,1.446,0.124,0.741,0.481,1.106,0.949,-0.098,72,0.186,0.954,10.775,2.43,246
2021,Denmark,West Europe,2,7.62,0.035,7.552,7.687,2.868,0.686,1.502,0.208,0.763,0.485,1.108,0.946,0.03,72.7,0.179,0.954,10.933,2.43,208
2021,Switzerland,West Europe,3,7.571,0.036,7.5,7.643,2.839,0.653,1.566,0.204,0.816,0.413,1.079,0.919,0.025,74.4,0.292,0.942,11.117,2.43,756
2021,Iceland,West Europe,4,7.554,0.059,7.438,7.67,2.967,0.698,1.482,0.293,0.772,0.17,1.172,0.955,0.16,73,0.673,0.983,10.878,2.43,352
2021,Netherlands,West Europe,5,7.464,0.027,7.41,7.518,2.798,0.647,1.501,0.302,0.753,0.384,1.079,0.913,0.175,72.4,0.338,0.942,10.932,2.43,528
2021,Norway,West Europe,6,7.392,0.035,7.323,7.462,2.58,0.703,1.543,0.249,0.782,0.427,1.108,0.96,0.093,73.3,0.27,0.954,11.053,2.43,578
2021,Sweden,West Europe,7,7.363,0.036,7.293,7.433,2.683,0.685,1.478,0.244,0.763,0.448,1.062,0.945,0.086,72.7,0.237,0.934,10.867,2.43,752
2021,Luxembourg,West Europe,8,7.324,0.037,7.252,7.396,2.653,0.639,1.751,0.166,0.76,0.353,1.003,0.907,-0.034,72.6,0.386,0.908,11.647,2.43,442
2021,New Zealand,Australia and New Zealand,9,7.277,0.04,7.198,7.355,2.612,0.665,1.4,0.276,0.785,0.445,1.094,0.929,0.134,73.4,0.242,0.948,10.643,2.43,554
2021,Austria,West Europe,10,7.268,0.036,7.198,7.337,2.784,0.64,1.492,0.215,0.782,0.292,1.062,0.908,0.042,73.3,0.481,0.934,10.906,2.43,40
2021,Australia,Australia and New Zealand,11,7.183,0.041,7.102,7.265,2.598,0.647,1.453,0.291,0.801,0.317,1.076,0.914,0.159,73.9,0.442,0.94,10.796,2.43,36
2021,Israel,Middle East and North Africa,12,7.157,0.034,7.09,7.224,3.083,0.509,1.376,0.208,0.788,0.119,1.074,0.8,0.031,73.503,0.753,0.939,10.575,2.43,376
2021,Germany,West Europe,13,7.155,0.04,7.077,7.232,2.824,0.6,1.48,0.195,0.757,0.306,0.993,0.875,0.011,72.5,0.46,0.903,10.873,2.43,276
2021,Canada,North America,14,7.103,0.042,7.021,7.185,2.585,0.648,1.447,0.246,0.798,0.335,1.044,0.915,0.089,73.8,0.415,0.926,10.776,2.43,124
2021,Ireland,West Europe,15,7.085,0.04,7.006,7.164,2.384,0.606,1.644,0.238,0.753,0.367,1.092,0.879,0.077,72.4,0.363,0.947,11.342,2.43,372
2021,Costa Rica,Latin America and Caribbean,16,7.069,0.056,6.96,7.179,3.387,0.673,1.134,0.105,0.722,0.083,0.966,0.934,-0.126,71.4,0.809,0.891,9.88,2.43,188
2021,United Kingdom,West Europe,17,7.064,0.038,6.99,7.138,2.596,0.58,1.423,0.34,0.757,0.306,1.062,0.859,0.233,72.5,0.459,0.934,10.707,2.43,826
2021,Czech Republic,Central and East Europe,18,6.965,0.049,6.868,7.062,3.124,0.58,1.37,0.052,0.703,0.046,1.09,0.858,-0.208,70.807,0.868,0.947,10.556,2.43,203
2021,United States,North America,19,6.951,0.049,6.856,7.047,2.807,0.554,1.533,0.252,0.621,0.154,1.03,0.837,0.098,68.2,0.698,0.92,11.023,2.43,840
2021,Belgium,West Europe,20,6.834,0.034,6.767,6.901,2.862,0.489,1.463,0.088,0.747,0.187,0.998,0.783,-0.153,72.199,0.646,0.906,10.823,2.43,56
2021,France,West Europe,21,6.69,0.037,6.618,6.762,2.521,0.536,1.421,0.092,0.804,0.235,1.081,0.822,-0.147,74,0.571,0.942,10.704,2.43,250
2021,Bahrain,Middle East and North Africa,22,6.647,0.068,6.514,6.779,2.631,0.661,1.409,0.246,0.662,0.139,0.899,0.925,0.089,69.495,0.722,0.862,10.669,2.43,48
2021,Malta,West Europe,23,6.602,0.044,6.516,6.688,2.268,0.664,1.411,0.275,0.747,0.183,1.055,0.927,0.133,72.2,0.653,0.931,10.674,2.43,470
2021,Taiwan,East Asia,24,6.584,0.038,6.51,6.659,2.687,0.49,1.48,0.142,0.665,0.139,0.982,0.784,-0.07,69.6,0.721,0.898,10.871,2.43,158
2021,United Arab Emirates,Middle East and North Africa,25,6.561,0.039,6.484,6.637,2.422,0.67,1.555,0.236,0.594,0.223,0.86,0.932,0.074,67.333,0.589,0.844,11.085,2.43,784
2021,Saudi Arabia,Middle East and North Africa,26,6.494,0.056,6.384,6.604,2.668,0.603,1.435,0.09,0.571,0.163,0.964,0.877,-0.149,66.603,0.684,0.891,10.743,2.43,682
2021,Spain,West Europe,27,6.491,0.042,6.408,6.574,2.513,0.462,1.375,0.135,0.826,0.124,1.057,0.761,-0.081,74.7,0.745,0.932,10.571,2.43,724
2021,Italy,West Europe,28,6.483,0.045,6.395,6.572,2.794,0.379,1.393,0.133,0.798,0.047,0.94,0.693,-0.084,73.8,0.866,0.88,10.623,2.43,380
2021,Slovenia,Central and East Europe,29,6.461,0.043,6.376,6.546,2.388,0.69,1.36,0.122,0.722,0.085,1.093,0.949,-0.101,71.4,0.806,0.948,10.529,2.43,705
2021,Guatemala,Latin America and Caribbean,30,6.435,0.073,6.292,6.577,3.375,0.638,0.845,0.163,0.519,0.105,0.79,0.906,-0.038,64.958,0.775,0.813,9.053,2.43,320
2021,Uruguay,Latin America and Caribbean,31,6.431,0.046,6.341,6.521,2.6,0.625,1.164,0.128,0.649,0.223,1.042,0.896,-0.092,69.1,0.59,0.925,9.966,2.43,858
2021,Singapore,Southeast Asia,32,6.377,0.043,6.293,6.46,1.379,0.664,1.695,0.176,0.897,0.547,1.019,0.927,-0.018,76.953,0.082,0.915,11.488,2.43,702
2021,Kosovo,Central and East Europe,33,6.372,0.059,6.257,6.487,3.182,0.593,0.937,0.356,0.483,0.014,0.807,0.869,0.257,63.813,0.917,0.821,9.318,2.43,NA
2021,Slovakia,Central and East Europe,34,6.331,0.041,6.251,6.411,2.714,0.468,1.304,0.107,0.653,0.018,1.066,0.766,-0.124,69.201,0.911,0.936,10.369,2.43,703
2021,Brazil,Latin America and Caribbean,35,6.33,0.043,6.245,6.415,3.015,0.514,1.028,0.142,0.571,0.117,0.944,0.804,-0.071,66.601,0.756,0.882,9.577,2.43,76
2021,Mexico,Latin America and Caribbean,36,6.317,0.053,6.213,6.42,2.961,0.585,1.126,0.092,0.634,0.089,0.83,0.862,-0.147,68.597,0.799,0.831,9.859,2.43,484
2021,Jamaica,Latin America and Caribbean,37,6.309,0.156,6.004,6.615,3.135,0.618,0.891,0.099,0.599,0.035,0.932,0.89,-0.137,67.5,0.884,0.877,9.186,2.43,388
2021,Lithuania,Central and East Europe,38,6.255,0.045,6.167,6.344,2.624,0.476,1.35,0.056,0.612,0.073,1.065,0.773,-0.203,67.906,0.826,0.935,10.499,2.43,440
2021,Cyprus,West Europe,39,6.223,0.049,6.128,6.319,2.578,0.464,1.377,0.178,0.801,0.061,0.765,0.763,-0.015,73.898,0.844,0.802,10.576,2.43,196
2021,Estonia,Central and East Europe,40,6.189,0.038,6.115,6.263,2.103,0.641,1.344,0.119,0.64,0.263,1.079,0.909,-0.106,68.8,0.527,0.941,10.481,2.43,233
2021,Panama,Latin America and Caribbean,41,6.18,0.073,6.036,6.323,2.509,0.596,1.298,0.079,0.667,0.053,0.976,0.872,-0.166,69.652,0.856,0.896,10.35,2.43,591
2021,Uzbekistan,Central and East Europe,42,6.179,0.068,6.045,6.312,2.477,0.716,0.769,0.391,0.528,0.271,1.027,0.97,0.311,65.255,0.515,0.918,8.836,2.43,860
2021,Chile,Latin America and Caribbean,43,6.172,0.046,6.081,6.262,2.682,0.438,1.2,0.159,0.678,0.07,0.946,0.742,-0.044,70,0.83,0.882,10.071,2.43,152
2021,Poland,Central and East Europe,44,6.166,0.04,6.087,6.245,2.438,0.558,1.309,0.08,0.668,0.13,0.982,0.841,-0.165,69.702,0.735,0.898,10.382,2.43,616
2021,Kazakhstan,Central and East Europe,45,6.152,0.047,6.06,6.243,2.446,0.573,1.23,0.143,0.527,0.132,1.103,0.853,-0.069,65.2,0.733,0.952,10.155,2.43,398
2021,Romania,Central and East Europe,46,6.14,0.057,6.027,6.253,2.83,0.564,1.275,0.045,0.595,0.001,0.832,0.845,-0.219,67.355,0.938,0.832,10.284,2.43,642
2021,Kuwait,Middle East and North Africa,47,6.106,0.066,5.977,6.235,2.368,0.591,1.461,0.12,0.58,0.13,0.857,0.867,-0.104,66.9,0.736,0.843,10.817,2.43,414
2021,Serbia,Central and East Europe,48,6.078,0.053,5.974,6.181,2.682,0.482,1.101,0.189,0.634,0.066,0.924,0.778,0.002,68.6,0.835,0.873,9.787,2.43,688
2021,El Salvador,Latin America and Caribbean,49,6.061,0.065,5.933,6.188,3.085,0.615,0.845,0.116,0.565,0.16,0.675,0.888,-0.11,66.402,0.688,0.762,9.054,2.43,222
2021,Mauritius,Sub-Saharan Africa,50,6.049,0.059,5.933,6.165,2.462,0.59,1.178,0.153,0.574,0.096,0.996,0.867,-0.054,66.701,0.789,0.905,10.008,2.43,480
2021,Latvia,Central and East Europe,51,6.032,0.036,5.961,6.103,2.536,0.405,1.285,0.082,0.587,0.089,1.047,0.715,-0.162,67.1,0.8,0.927,10.315,2.43,428
2021,Colombia,Latin America and Caribbean,52,6.012,0.061,5.892,6.132,2.794,0.554,1.021,0.1,0.615,0.063,0.866,0.837,-0.135,68.001,0.841,0.847,9.557,2.43,170
2021,Hungary,Central and East Europe,53,5.992,0.047,5.899,6.085,2.432,0.454,1.301,0.067,0.615,0.04,1.083,0.755,-0.186,68,0.876,0.943,10.358,2.43,348
2021,Thailand,Southeast Asia,54,5.985,0.047,5.893,6.077,2.309,0.611,1.107,0.375,0.596,0.028,0.957,0.884,0.287,67.401,0.895,0.888,9.805,2.43,764
2021,Nicaragua,Latin America and Caribbean,55,5.972,0.083,5.81,6.134,2.841,0.553,0.693,0.201,0.604,0.176,0.904,0.836,0.02,67.657,0.664,0.864,8.62,2.43,558
2021,Japan,East Asia,56,5.94,0.04,5.861,6.02,2.048,0.504,1.389,0.02,0.838,0.192,0.949,0.796,-0.258,75.1,0.638,0.884,10.611,2.43,392
2021,Argentina,Latin America and Caribbean,57,5.929,0.056,5.819,6.04,2.461,0.544,1.162,0.069,0.646,0.067,0.98,0.828,-0.182,69,0.834,0.898,9.962,2.43,32
2021,Portugal,West Europe,58,5.929,0.055,5.821,6.037,2.225,0.621,1.323,0.029,0.76,0.033,0.939,0.892,-0.244,72.6,0.887,0.879,10.421,2.43,620
2021,Honduras,Latin America and Caribbean,59,5.919,0.082,5.758,6.081,2.934,0.578,0.703,0.241,0.593,0.083,0.787,0.857,0.081,67.3,0.809,0.812,8.648,2.43,340
2021,Croatia,Central and East Europe,60,5.882,0.048,5.788,5.975,2.325,0.453,1.251,0.111,0.703,0,1.039,0.754,-0.118,70.799,0.939,0.924,10.217,2.43,191
2021,Philippines,Southeast Asia,61,5.88,0.052,5.778,5.982,2.872,0.651,0.853,0.125,0.426,0.126,0.828,0.917,-0.097,62,0.742,0.83,9.076,2.43,608
2021,South Korea,East Asia,62,5.845,0.042,5.763,5.928,2.262,0.353,1.403,0.134,0.801,0.135,0.758,0.672,-0.083,73.9,0.727,0.799,10.651,2.43,410
2021,Peru,Latin America and Caribbean,63,5.84,0.075,5.692,5.988,2.744,0.536,0.986,0.087,0.623,0.031,0.833,0.822,-0.154,68.25,0.891,0.832,9.458,2.43,604
2021,Bosnia and Herzegovina,Central and East Europe,64,5.813,0.05,5.715,5.911,2.583,0.395,1.032,0.261,0.618,0.005,0.919,0.706,0.113,68.098,0.931,0.87,9.59,2.43,70
2021,Moldova,Central and East Europe,65,5.766,0.046,5.677,5.856,2.665,0.536,0.985,0.137,0.542,0.013,0.888,0.822,-0.079,65.699,0.918,0.857,9.454,2.43,498
2021,Ecuador,Latin America and Caribbean,66,5.764,0.057,5.653,5.875,2.653,0.56,0.935,0.107,0.64,0.062,0.806,0.842,-0.124,68.8,0.843,0.821,9.313,2.43,218
2021,Kyrgyzstan,Central and East Europe,67,5.744,0.046,5.653,5.834,2.648,0.673,0.665,0.266,0.501,0.02,0.971,0.935,0.119,64.401,0.908,0.893,8.538,2.43,NA
2021,Greece,West Europe,68,5.723,0.046,5.632,5.813,2.561,0.243,1.273,0,0.76,0.074,0.811,0.582,-0.288,72.6,0.823,0.823,10.279,2.43,300
2021,Bolivia,Latin America and Caribbean,69,5.716,0.053,5.613,5.819,2.805,0.6,0.842,0.138,0.486,0.064,0.782,0.875,-0.077,63.901,0.839,0.81,9.046,2.43,68
2021,Mongolia,East Asia,70,5.677,0.042,5.595,5.76,2.492,0.397,0.966,0.263,0.442,0.053,1.065,0.708,0.116,62.5,0.856,0.935,9.4,2.43,496
2021,Paraguay,Latin America and Caribbean,71,5.653,0.092,5.473,5.832,2.306,0.602,0.983,0.206,0.549,0.037,0.97,0.876,0.028,65.9,0.882,0.893,9.448,2.43,600
2021,Montenegro,Central and East Europe,72,5.581,0.054,5.475,5.686,2.254,0.397,1.155,0.166,0.637,0.081,0.891,0.708,-0.034,68.699,0.812,0.858,9.94,2.43,499
2021,Dominican Republic,Latin America and Caribbean,73,5.545,0.071,5.405,5.685,2.178,0.581,1.106,0.101,0.555,0.144,0.879,0.86,-0.133,66.102,0.714,0.853,9.802,2.43,214
2021,North Cyprus,West Europe,74,5.536,0.051,5.435,5.636,1.653,0.503,1.377,0.196,0.801,0.2,0.806,0.795,0.012,73.898,0.626,0.82,10.576,2.43,NA
2021,Belarus,Central and East Europe,75,5.534,0.047,5.442,5.625,2.247,0.326,1.124,0.07,0.56,0.199,1.007,0.65,-0.18,66.253,0.627,0.91,9.853,2.43,112
2021,Russia,Central and East Europe,76,5.477,0.033,5.413,5.541,2.148,0.409,1.241,0.115,0.511,0.06,0.992,0.718,-0.111,64.703,0.845,0.903,10.189,2.43,643
2021,Hong Kong,East Asia,77,5.477,0.049,5.38,5.573,1.236,0.408,1.525,0.232,0.893,0.342,0.841,0.717,0.067,76.82,0.403,0.836,11,2.43,344
2021,Tajikistan,Central and East Europe,78,5.466,0.034,5.4,5.532,2.619,0.548,0.508,0.152,0.498,0.247,0.895,0.832,-0.056,64.281,0.553,0.86,8.091,2.43,762
2021,Vietnam,Southeast Asia,79,5.411,0.039,5.334,5.488,2.211,0.679,0.817,0.124,0.616,0.091,0.873,0.94,-0.098,68.034,0.796,0.85,8.973,2.43,704
2021,Libya,Middle East and North Africa,80,5.41,0.076,5.262,5.558,2.331,0.474,1.044,0.131,0.435,0.174,0.821,0.771,-0.087,62.3,0.667,0.827,9.622,2.43,434
2021,Malaysia,Southeast Asia,81,5.384,0.049,5.289,5.48,1.784,0.624,1.259,0.27,0.587,0.064,0.797,0.895,0.125,67.102,0.839,0.817,10.238,2.43,458
2021,Indonesia,Southeast Asia,82,5.345,0.056,5.235,5.454,1.987,0.598,0.954,0.541,0.433,0.046,0.786,0.873,0.542,62.236,0.867,0.811,9.365,2.43,360
2021,Congo,Sub-Saharan Africa,83,5.342,0.097,5.151,5.533,3.476,0.381,0.518,0.144,0.307,0.124,0.392,0.695,-0.068,58.221,0.745,0.636,8.117,2.43,178
2021,Congo,Sub-Saharan Africa,83,5.342,0.097,5.151,5.533,3.476,0.381,0.518,0.144,0.307,0.124,0.392,0.695,-0.068,58.221,0.745,0.636,8.117,2.43,180
2021,China,East Asia,84,5.339,0.029,5.281,5.397,1.982,0.636,1.061,0.093,0.665,0.117,0.785,0.904,-0.146,69.593,0.755,0.811,9.673,2.43,156
2021,Ivory Coast,Sub-Saharan Africa,85,5.306,0.078,5.152,5.46,3.469,0.438,0.669,0.177,0.052,0.092,0.409,0.741,-0.016,50.114,0.794,0.644,8.551,2.43,384
2021,Armenia,Central and East Europe,86,5.283,0.058,5.168,5.397,2.127,0.54,0.996,0.079,0.585,0.198,0.758,0.825,-0.168,67.055,0.629,0.799,9.487,2.43,51
2021,Nepal,South Asia,87,5.269,0.07,5.132,5.406,2.642,0.488,0.519,0.287,0.496,0.135,0.702,0.782,0.152,64.233,0.727,0.774,8.12,2.43,524
2021,Bulgaria,Central and East Europe,88,5.266,0.054,5.16,5.371,1.823,0.494,1.181,0.125,0.583,0.005,1.055,0.788,-0.096,67,0.932,0.931,10.016,2.43,100
2021,Maldives,South Asia,89,5.198,0.072,5.057,5.339,1.52,0.575,1.115,0.204,0.697,0.073,1.015,0.854,0.024,70.6,0.825,0.913,9.826,2.43,462
2021,Azerbaijan,Central and East Europe,90,5.171,0.04,5.091,5.25,1.919,0.526,1.025,0.043,0.541,0.276,0.841,0.814,-0.223,65.656,0.506,0.836,9.569,2.43,31
2021,Cameroon,Sub-Saharan Africa,91,5.142,0.074,4.996,5.288,3.195,0.425,0.543,0.205,0.159,0.058,0.556,0.731,0.026,53.515,0.848,0.71,8.189,2.43,120
2021,Senegal,Sub-Saharan Africa,92,5.132,0.068,4.998,5.266,3.071,0.381,0.518,0.158,0.357,0.088,0.558,0.695,-0.046,59.802,0.801,0.71,8.118,2.43,686
2021,Albania,Central and East Europe,93,5.117,0.059,5.001,5.234,2.25,0.491,1.008,0.168,0.646,0.024,0.529,0.785,-0.03,68.999,0.901,0.697,9.52,2.43,8
2021,North Macedonia,Central and East Europe,94,5.101,0.051,5.001,5.202,2.042,0.45,1.068,0.212,0.535,0.022,0.772,0.751,0.038,65.474,0.905,0.805,9.693,2.43,NA
2021,Ghana,Sub-Saharan Africa,95,5.088,0.067,4.958,5.219,2.684,0.517,0.68,0.268,0.287,0.058,0.595,0.807,0.123,57.586,0.848,0.727,8.58,2.43,288
2021,Niger,Sub-Saharan Africa,96,5.074,0.102,4.875,5.273,3.47,0.516,0.162,0.2,0.167,0.157,0.402,0.806,0.018,53.78,0.693,0.641,7.098,2.43,562
2021,Turkmenistan,Central and East Europe,97,5.066,0.036,4.996,5.136,1.409,0.602,1.046,0.366,0.439,0.033,1.172,0.877,0.273,62.409,0.888,0.983,9.629,2.43,795
2021,Gambia,Sub-Saharan Africa,98,5.051,0.089,4.877,5.225,2.99,0.384,0.367,0.465,0.21,0.123,0.511,0.697,0.424,55.16,0.746,0.69,7.686,2.43,270
2021,Benin,Sub-Saharan Africa,99,5.045,0.073,4.901,5.189,3.482,0.457,0.507,0.166,0.196,0.178,0.058,0.757,-0.034,54.713,0.661,0.489,8.087,2.43,204
2021,Laos,Southeast Asia,100,5.03,0.045,4.941,5.119,2.204,0.643,0.808,0.268,0.33,0.179,0.598,0.91,0.123,58.968,0.658,0.728,8.947,2.43,418
2021,Bangladesh,South Asia,101,5.025,0.046,4.934,5.115,2.427,0.603,0.635,0.161,0.514,0.164,0.52,0.877,-0.041,64.8,0.682,0.693,8.454,2.43,50
2021,Guinea,Sub-Saharan Africa,102,4.984,0.09,4.808,5.16,3.216,0.384,0.42,0.25,0.206,0.111,0.399,0.697,0.095,55.008,0.766,0.639,7.838,2.43,324
2021,South Africa,Sub-Saharan Africa,103,4.956,0.06,4.839,5.074,2.187,0.447,0.967,0.144,0.265,0.051,0.895,0.749,-0.067,56.904,0.86,0.86,9.403,2.43,710
2021,Turkey,Middle East and North Africa,104,4.948,0.046,4.857,5.038,1.852,0.236,1.26,0.097,0.59,0.104,0.809,0.576,-0.139,67.199,0.776,0.822,10.24,2.43,792
2021,Pakistan,South Asia,105,4.934,0.068,4.802,5.066,2.784,0.418,0.637,0.252,0.322,0.097,0.423,0.726,0.098,58.709,0.787,0.651,8.458,2.43,586
2021,Morocco,Middle East and North Africa,106,4.918,0.06,4.8,5.036,2.749,0.477,0.792,0.034,0.558,0.088,0.219,0.774,-0.236,66.208,0.801,0.56,8.903,2.43,504
2021,Venezuela,Latin America and Caribbean,107,4.892,0.064,4.767,5.017,2.135,0.284,0.852,0.078,0.574,0.072,0.897,0.615,-0.169,66.7,0.827,0.861,9.073,2.43,862
2021,Georgia,Central and East Europe,108,4.891,0.054,4.785,4.998,2.191,0.488,1.03,0.032,0.498,0.181,0.47,0.783,-0.238,64.3,0.655,0.671,9.585,2.43,268
2021,Algeria,Middle East and North Africa,109,4.887,0.053,4.783,4.991,2.242,0.119,0.946,0.144,0.552,0.12,0.765,0.48,-0.067,66.005,0.752,0.802,9.342,2.43,12
2021,Ukraine,Central and East Europe,110,4.875,0.052,4.773,4.977,1.813,0.417,0.979,0.181,0.517,0.01,0.958,0.724,-0.011,64.902,0.924,0.888,9.436,2.43,804
2021,Iraq,Middle East and North Africa,111,4.854,0.059,4.738,4.97,2.429,0.302,0.91,0.153,0.381,0.041,0.638,0.63,-0.053,60.583,0.875,0.746,9.24,2.43,368
2021,Gabon,Sub-Saharan Africa,112,4.852,0.075,4.706,4.998,2.201,0.424,1.037,0.058,0.362,0.064,0.707,0.731,-0.2,59.962,0.84,0.776,9.603,2.43,266
2021,Burkina Faso,Sub-Saharan Africa,113,4.834,0.081,4.675,4.993,3.133,0.381,0.364,0.182,0.179,0.122,0.472,0.695,-0.009,54.151,0.748,0.672,7.678,2.43,854
2021,Cambodia,Southeast Asia,114,4.83,0.067,4.698,4.963,2.148,0.702,0.603,0.21,0.426,0.061,0.68,0.959,0.034,62,0.843,0.765,8.36,2.43,116
2021,Mozambique,Sub-Saharan Africa,115,4.794,0.103,4.592,4.997,2.783,0.608,0.183,0.228,0.196,0.163,0.634,0.882,0.061,54.706,0.684,0.744,7.158,2.43,508
2021,Nigeria,Sub-Saharan Africa,116,4.759,0.052,4.658,4.861,2.736,0.433,0.663,0.212,0.051,0.039,0.625,0.737,0.037,50.102,0.878,0.74,8.533,2.43,566
2021,Mali,Sub-Saharan Africa,117,4.723,0.082,4.563,4.884,3.016,0.384,0.387,0.164,0.11,0.072,0.59,0.697,-0.036,51.969,0.827,0.724,7.744,2.43,466
2021,Iran,Middle East and North Africa,118,4.721,0.055,4.614,4.828,1.823,0.275,1.03,0.33,0.561,0.144,0.557,0.608,0.218,66.3,0.714,0.71,9.584,2.43,364
2021,Uganda,Sub-Saharan Africa,119,4.636,0.073,4.493,4.78,2.596,0.398,0.364,0.267,0.24,0.054,0.718,0.709,0.122,56.101,0.855,0.781,7.677,2.43,800
2021,Liberia,Sub-Saharan Africa,120,4.625,0.106,4.417,4.833,2.857,0.43,0.228,0.221,0.253,0.057,0.58,0.735,0.05,56.498,0.85,0.72,7.288,2.43,430
2021,Kenya,Sub-Saharan Africa,121,4.607,0.072,4.466,4.747,2.18,0.483,0.603,0.375,0.385,0.073,0.508,0.779,0.287,60.704,0.825,0.688,8.361,2.43,404
2021,Tunisia,Middle East and North Africa,122,4.596,0.058,4.484,4.709,2.138,0.334,0.919,0.057,0.59,0.044,0.515,0.656,-0.201,67.201,0.87,0.691,9.266,2.43,788
2021,Lebanon,Middle East and North Africa,123,4.584,0.055,4.477,4.691,1.736,0.175,1.045,0.14,0.595,0.026,0.868,0.525,-0.073,67.355,0.898,0.848,9.626,2.43,422
2021,Namibia,Sub-Saharan Africa,124,4.574,0.064,4.448,4.7,2.068,0.411,0.882,0.091,0.262,0.059,0.801,0.719,-0.149,56.799,0.847,0.818,9.161,2.43,516
2021,Palestinian Territories,Middle East and North Africa,125,4.517,0.067,4.384,4.649,2.131,0.33,0.646,0.082,0.434,0.075,0.819,0.653,-0.163,62.25,0.821,0.826,8.485,2.43,275
2021,Myanmar,Southeast Asia,126,4.426,0.052,4.324,4.527,1.407,0.601,0.666,0.52,0.341,0.178,0.713,0.876,0.509,59.302,0.66,0.779,8.541,2.43,104
2021,Jordan,Middle East and North Africa,127,4.395,0.062,4.273,4.516,1.553,0.455,0.89,0.079,0.583,0.15,0.685,0.755,-0.167,67,0.705,0.767,9.182,2.43,400
2021,Chad,Sub-Saharan Africa,128,4.355,0.094,4.171,4.54,3.209,0.24,0.255,0.215,0,0.084,0.353,0.579,0.041,48.478,0.807,0.619,7.364,2.43,148
2021,Sri Lanka,South Asia,129,4.325,0.066,4.196,4.454,1.075,0.559,0.99,0.239,0.593,0.049,0.82,0.841,0.079,67.299,0.863,0.827,9.47,2.43,144
2021,"Eswatini, Kingdom of",Sub-Saharan Africa,130,4.308,0.071,4.168,4.448,2.155,0.323,0.849,0.067,0.074,0.147,0.693,0.647,-0.185,50.833,0.708,0.77,9.065,2.43,748
2021,Comoros,Sub-Saharan Africa,131,4.289,0.084,4.123,4.454,2.61,0.202,0.488,0.241,0.279,0.101,0.367,0.548,0.082,57.349,0.781,0.626,8.031,2.43,174
2021,Egypt,Middle East and North Africa,132,4.283,0.045,4.195,4.371,1.648,0.446,0.954,0.069,0.426,0.092,0.647,0.749,-0.182,61.998,0.795,0.75,9.367,2.43,818
2021,Ethiopia,Sub-Saharan Africa,133,4.275,0.051,4.175,4.374,2.089,0.451,0.37,0.241,0.331,0.114,0.679,0.752,0.082,59,0.761,0.764,7.694,2.43,231
2021,Mauritania,Sub-Saharan Africa,134,4.227,0.07,4.09,4.365,2.069,0.218,0.666,0.119,0.273,0.133,0.749,0.561,-0.106,57.161,0.731,0.795,8.542,2.43,478
2021,Madagascar,Sub-Saharan Africa,135,4.208,0.072,4.068,4.349,2.62,0.207,0.266,0.185,0.341,0.087,0.503,0.552,-0.005,59.305,0.803,0.686,7.396,2.43,450
2021,Togo,Sub-Saharan Africa,136,4.107,0.077,3.956,4.258,2.806,0.289,0.254,0.209,0.203,0.107,0.239,0.619,0.032,54.914,0.772,0.569,7.362,2.43,768
2021,Zambia,Sub-Saharan Africa,137,4.073,0.069,3.938,4.209,1.975,0.487,0.528,0.227,0.231,0.074,0.552,0.782,0.061,55.809,0.823,0.708,8.145,2.43,894
2021,Sierra Leone,Sub-Saharan Africa,138,3.849,0.077,3.698,4.001,2.396,0.408,0.279,0.243,0.1,0.047,0.377,0.717,0.084,51.651,0.866,0.63,7.434,2.43,694
2021,India,South Asia,139,3.819,0.026,3.769,3.869,1.405,0.622,0.741,0.246,0.383,0.106,0.316,0.893,0.089,60.633,0.774,0.603,8.755,2.43,356
2021,Burundi,Sub-Saharan Africa,140,3.775,0.107,3.565,3.985,2.876,0.298,0,0.172,0.155,0.212,0.062,0.626,-0.024,53.4,0.607,0.49,6.635,2.43,108
2021,Yemen,Middle East and North Africa,141,3.658,0.07,3.521,3.794,1.776,0.268,0.329,0.092,0.272,0.089,0.831,0.602,-0.147,57.122,0.8,0.832,7.578,2.43,887
2021,Tanzania,Sub-Saharan Africa,142,3.623,0.071,3.485,3.762,1.263,0.549,0.433,0.307,0.3,0.231,0.54,0.833,0.183,57.999,0.577,0.702,7.876,2.43,834
2021,Haiti,Latin America and Caribbean,143,3.615,0.173,3.276,3.953,2.06,0.257,0.294,0.463,0.227,0.139,0.173,0.593,0.422,55.7,0.721,0.54,7.477,2.43,332
2021,Malawi,Sub-Saharan Africa,144,3.6,0.092,3.419,3.781,2.19,0.484,0.113,0.213,0.298,0.134,0.168,0.78,0.038,57.948,0.729,0.537,6.958,2.43,454
2021,Lesotho,Sub-Saharan Africa,145,3.512,0.12,3.276,3.748,1.8,0.405,0.451,0.103,0.007,0.015,0.731,0.715,-0.131,48.7,0.915,0.787,7.926,2.43,426
2021,Botswana,Sub-Saharan Africa,146,3.467,0.074,3.322,3.611,0.648,0.539,1.099,0.027,0.34,0.088,0.724,0.824,-0.246,59.269,0.801,0.784,9.782,2.43,72
2021,Rwanda,Sub-Saharan Africa,147,3.415,0.068,3.282,3.548,1.095,0.627,0.364,0.227,0.407,0.493,0.202,0.897,0.061,61.4,0.167,0.552,7.676,2.43,646
2021,Zimbabwe,Sub-Saharan Africa,148,3.145,0.058,3.03,3.259,1.205,0.359,0.457,0.157,0.243,0.075,0.649,0.677,-0.047,56.201,0.821,0.75,7.943,2.43,716
2021,Afghanistan,South Asia,149,2.523,0.038,2.449,2.596,1.895,0,0.37,0.122,0.126,0.01,0,0.382,-0.102,52.493,0.924,0.463,7.695,2.43,4
